1,N0,0,0,0,Picker
2,N1,0,7.5,0,Picker
3,N2,0,15,0,Picker
4,N3,0,25,0,Picker
5,N4,10,25,0,Picker
6,N5,-10,25,0,Picker
7,N6,20,25,0,Picker
8,N7,-20,25,0,Picker
9,N8,30,25,0,Picker
10,N9,-30,25,0,Picker
11,N10,40,25,0,Picker
12,N11,-40,25,0,Picker
13,N12,50,25,0,Picker
14,N13,-50,25,0,Picker
15,N14,60,25,0,Picker
16,N15,-60,25,0,Picker
17,N16,70,25,0,Picker
18,N17,-70,25,0,Picker
19,N18,80,25,0,Picker
20,N19,-80,25,0,Picker
21,N20,90,25,0,Picker
22,N21,-90,25,0,Picker
23,N22,100,25,0,Picker
24,N23,-100,25,0,Picker
25,N24,110,25,0,Picker
26,N25,-110,25,0,Picker
27,N26,120,25,0,Picker
28,N27,-120,25,0,Picker
29,N28,130,25,0,Picker
30,N29,-130,25,0,Picker
31,N30,140,25,0,Picker
32,N31,-140,25,0,Picker
33,N32,150,25,0,Picker
34,N33,-150,25,0,Picker
35,N34,160,25,0,Picker
36,N35,-160,25,0,Picker
37,N36,170,25,0,Picker
38,N37,-170,25,0,Picker
39,N38,180,25,0,Picker
40,N39,-180,25,0,Picker
41,N40,190,25,0,Picker
42,N41,-190,25,0,Picker
43,N42,200,25,0,Picker
44,N43,-200,25,0,Picker
45,N44,210,25,0,Picker
46,N45,-210,25,0,Picker
47,N46,220,25,0,Picker
48,N47,-220,25,0,Picker
49,N48,230,25,0,Picker
50,N49,-230,25,0,Picker
51,N50,240,25,0,Picker
52,N51,-240,25,0,Picker
53,N52,250,25,0,Picker
54,N53,-250,25,0,Picker
55,N54,260,25,0,Picker
56,N55,-260,25,0,Picker
57,N56,270,25,0,Picker
58,N57,-270,25,0,Picker
59,N58,280,25,0,Picker
60,N59,-280,25,0,Picker
61,N60,290,25,0,Picker
62,N61,-290,25,0,Picker
63,N62,300,25.01,0,Picker
64,N63,-300,25.01,0,Picker
65,N64,310,25.01,0,Picker
66,N65,-310,25.01,0,Picker
67,N66,320,25.01,0,Picker
68,N67,-320,25.01,0,Picker
69,N68,330,25.01,0,Picker
70,N69,-330,25.01,0,Picker
71,N70,340,25.01,0,Picker
72,N71,-340,25.01,0,Picker
73,N72,0,35,0,Picker
74,N73,10,35,0,Picker
75,N74,-10,35,0,Picker
76,N75,20,35,0,Picker
77,N76,-20,35,0,Picker
78,N77,30,35,0,Picker
79,N78,-30,35,0,Picker
80,N79,40,35,0,Picker
81,N80,-40,35,0,Picker
82,N81,50,35,0,Picker
83,N82,-50,35,0,Picker
84,N83,60,35,0,Picker
85,N84,-60,35,0,Picker
86,N85,70,35,0,Picker
87,N86,-70,35,0,Picker
88,N87,80,35,0,Picker
89,N88,-80,35,0,Picker
90,N89,90,35,0,Picker
91,N90,-90,35,0,Picker
92,N91,100,35,0,Picker
93,N92,-100,35,0,Picker
94,N93,110,35,0,Picker
95,N94,-110,35,0,Picker
96,N95,120,35,0,Picker
97,N96,-120,35,0,Picker
98,N97,130,35,0,Picker
99,N98,-130,35,0,Picker
100,N99,140,35,0,Picker
101,N100,-140,35,0,Picker
102,N101,150,35,0,Picker
103,N102,-150,35,0,Picker
104,N103,160,35,0,Picker
105,N104,-160,35,0,Picker
106,N105,170,35,0,Picker
107,N106,-170,35,0,Picker
108,N107,180,35,0,Picker
109,N108,-180,35,0,Picker
110,N109,190,35,0,Picker
111,N110,-190,35,0,Picker
112,N111,200,35,0,Picker
113,N112,-200,35,0,Picker
114,N113,210,35,0,Picker
115,N114,-210,35,0,Picker
116,N115,220,35,0,Picker
117,N116,-220,35,0,Picker
118,N117,230,35,0,Picker
119,N118,-230,35,0,Picker
120,N119,240,35,0,Picker
121,N120,-240,35,0,Picker
122,N121,250,35,0,Picker
123,N122,-250,35,0,Picker
124,N123,260,35,0,Picker
125,N124,-260,35,0,Picker
126,N125,270,35,0,Picker
127,N126,-270,35,0,Picker
128,N127,280,35,0,Picker
129,N128,-280,35,0,Picker
130,N129,290,35,0,Picker
131,N130,-290,35,0,Picker
132,N131,300,35.01,0,Picker
133,N132,-300,35.01,0,Picker
134,N133,310,35.01,0,Picker
135,N134,-310,35.01,0,Picker
136,N135,320,35.01,0,Picker
137,N136,-320,35.01,0,Picker
138,N137,330,35.01,0,Picker
139,N138,-330,35.01,0,Picker
140,N139,340,35.01,0,Picker
141,N140,-340,35.01,0,Picker
142,N141,0,45,0,Picker
143,N142,10,45,0,Picker
144,N143,-10,45,0,Picker
145,N144,20,45,0,Picker
146,N145,-20,45,0,Picker
147,N146,30,45,0,Picker
148,N147,-30,45,0,Picker
149,N148,40,45,0,Picker
150,N149,-40,45,0,Picker
151,N150,50,45,0,Picker
152,N151,-50,45,0,Picker
153,N152,60,45,0,Picker
154,N153,-60,45,0,Picker
155,N154,70,45,0,Picker
156,N155,-70,45,0,Picker
157,N156,80,45,0,Picker
158,N157,-80,45,0,Picker
159,N158,90,45,0,Picker
160,N159,-90,45,0,Picker
161,N160,100,45,0,Picker
162,N161,-100,45,0,Picker
163,N162,110,45,0,Picker
164,N163,-110,45,0,Picker
165,N164,120,45,0,Picker
166,N165,-120,45,0,Picker
167,N166,130,45,0,Picker
168,N167,-130,45,0,Picker
169,N168,140,45,0,Picker
170,N169,-140,45,0,Picker
171,N170,150,45,0,Picker
172,N171,-150,45,0,Picker
173,N172,160,45,0,Picker
174,N173,-160,45,0,Picker
175,N174,170,45,0,Picker
176,N175,-170,45,0,Picker
177,N176,180,45,0,Picker
178,N177,-180,45,0,Picker
179,N178,190,45,0,Picker
180,N179,-190,45,0,Picker
181,N180,200,45,0,Picker
182,N181,-200,45,0,Picker
183,N182,210,45,0,Picker
184,N183,-210,45,0,Picker
185,N184,220,45,0,Picker
186,N185,-220,45,0,Picker
187,N186,230,45,0,Picker
188,N187,-230,45,0,Picker
189,N188,240,45,0,Picker
190,N189,-240,45,0,Picker
191,N190,250,45,0,Picker
192,N191,-250,45,0,Picker
193,N192,260,45,0,Picker
194,N193,-260,45,0,Picker
195,N194,270,45,0,Picker
196,N195,-270,45,0,Picker
197,N196,280,45,0,Picker
198,N197,-280,45,0,Picker
199,N198,290,45,0,Picker
200,N199,-290,45,0,Picker
201,N200,300,45.01,0,Picker
202,N201,-300,45.01,0,Picker
203,N202,310,45.01,0,Picker
204,N203,-310,45.01,0,Picker
205,N204,320,45.01,0,Picker
206,N205,-320,45.01,0,Picker
207,N206,330,45.01,0,Picker
208,N207,-330,45.01,0,Picker
209,N208,340,45.01,0,Picker
210,N209,-340,45.01,0,Picker
211,N210,0,55,0,Picker
212,N211,10,55,0,Picker
213,N212,-10,55,0,Picker
214,N213,20,55,0,Picker
215,N214,-20,55,0,Picker
216,N215,30,55,0,Picker
217,N216,-30,55,0,Picker
218,N217,40,55,0,Picker
219,N218,-40,55,0,Picker
220,N219,50,55,0,Picker
221,N220,-50,55,0,Picker
222,N221,60,55,0,Picker
223,N222,-60,55,0,Picker
224,N223,70,55,0,Picker
225,N224,-70,55,0,Picker
226,N225,80,55,0,Picker
227,N226,-80,55,0,Picker
228,N227,90,55,0,Picker
229,N228,-90,55,0,Picker
230,N229,100,55,0,Picker
231,N230,-100,55,0,Picker
232,N231,110,55,0,Picker
233,N232,-110,55,0,Picker
234,N233,120,55,0,Picker
235,N234,-120,55,0,Picker
236,N235,130,55,0,Picker
237,N236,-130,55,0,Picker
238,N237,140,55,0,Picker
239,N238,-140,55,0,Picker
240,N239,150,55,0,Picker
241,N240,-150,55,0,Picker
242,N241,160,55,0,Picker
243,N242,-160,55,0,Picker
244,N243,170,55,0,Picker
245,N244,-170,55,0,Picker
246,N245,180,55,0,Picker
247,N246,-180,55,0,Picker
248,N247,190,55,0,Picker
249,N248,-190,55,0,Picker
250,N249,200,55,0,Picker
251,N250,-200,55,0,Picker
252,N251,210,55,0,Picker
253,N252,-210,55,0,Picker
254,N253,220,55,0,Picker
255,N254,-220,55,0,Picker
256,N255,230,55,0,Picker
257,N256,-230,55,0,Picker
258,N257,240,55,0,Picker
259,N258,-240,55,0,Picker
260,N259,250,55,0,Picker
261,N260,-250,55,0,Picker
262,N261,260,55,0,Picker
263,N262,-260,55,0,Picker
264,N263,270,55,0,Picker
265,N264,-270,55,0,Picker
266,N265,280,55,0,Picker
267,N266,-280,55,0,Picker
268,N267,290,55,0,Picker
269,N268,-290,55,0,Picker
270,N269,300,55.01,0,Picker
271,N270,-300,55.01,0,Picker
272,N271,310,55.01,0,Picker
273,N272,-310,55.01,0,Picker
274,N273,320,55.01,0,Picker
275,N274,-320,55.01,0,Picker
276,N275,330,55.01,0,Picker
277,N276,-330,55.01,0,Picker
278,N277,340,55.01,0,Picker
279,N278,-340,55.01,0,Picker
280,N279,0,65,0,Picker
281,N280,10,65,0,Picker
282,N281,-10,65,0,Picker
283,N282,20,65,0,Picker
284,N283,-20,65,0,Picker
285,N284,30,65,0,Picker
286,N285,-30,65,0,Picker
287,N286,40,65,0,Picker
288,N287,-40,65,0,Picker
289,N288,50,65,0,Picker
290,N289,-50,65,0,Picker
291,N290,60,65,0,Picker
292,N291,-60,65,0,Picker
293,N292,70,65,0,Picker
294,N293,-70,65,0,Picker
295,N294,80,65,0,Picker
296,N295,-80,65,0,Picker
297,N296,90,65,0,Picker
298,N297,-90,65,0,Picker
299,N298,100,65,0,Picker
300,N299,-100,65,0,Picker
301,N300,110,65,0,Picker
302,N301,-110,65,0,Picker
303,N302,120,65,0,Picker
304,N303,-120,65,0,Picker
305,N304,130,65,0,Picker
306,N305,-130,65,0,Picker
307,N306,140,65,0,Picker
308,N307,-140,65,0,Picker
309,N308,150,65,0,Picker
310,N309,-150,65,0,Picker
311,N310,160,65,0,Picker
312,N311,-160,65,0,Picker
313,N312,170,65,0,Picker
314,N313,-170,65,0,Picker
315,N314,180,65,0,Picker
316,N315,-180,65,0,Picker
317,N316,190,65,0,Picker
318,N317,-190,65,0,Picker
319,N318,200,65,0,Picker
320,N319,-200,65,0,Picker
321,N320,210,65,0,Picker
322,N321,-210,65,0,Picker
323,N322,220,65,0,Picker
324,N323,-220,65,0,Picker
325,N324,230,65,0,Picker
326,N325,-230,65,0,Picker
327,N326,240,65,0,Picker
328,N327,-240,65,0,Picker
329,N328,250,65,0,Picker
330,N329,-250,65,0,Picker
331,N330,260,65,0,Picker
332,N331,-260,65,0,Picker
333,N332,270,65,0,Picker
334,N333,-270,65,0,Picker
335,N334,280,65,0,Picker
336,N335,-280,65,0,Picker
337,N336,290,65,0,Picker
338,N337,-290,65,0,Picker
339,N338,300,65.01,0,Picker
340,N339,-300,65.01,0,Picker
341,N340,310,65.01,0,Picker
342,N341,-310,65.01,0,Picker
343,N342,320,65.01,0,Picker
344,N343,-320,65.01,0,Picker
345,N344,330,65.01,0,Picker
346,N345,-330,65.01,0,Picker
347,N346,340,65.01,0,Picker
348,N347,-340,65.01,0,Picker
349,N348,0,75,0,Picker
350,N349,10,75,0,Picker
351,N350,-10,75,0,Picker
352,N351,20,75,0,Picker
353,N352,-20,75,0,Picker
354,N353,30,75,0,Picker
355,N354,-30,75,0,Picker
356,N355,40,75,0,Picker
357,N356,-40,75,0,Picker
358,N357,50,75,0,Picker
359,N358,-50,75,0,Picker
360,N359,60,75,0,Picker
361,N360,-60,75,0,Picker
362,N361,70,75,0,Picker
363,N362,-70,75,0,Picker
364,N363,80,75,0,Picker
365,N364,-80,75,0,Picker
366,N365,90,75,0,Picker
367,N366,-90,75,0,Picker
368,N367,100,75,0,Picker
369,N368,-100,75,0,Picker
370,N369,110,75,0,Picker
371,N370,-110,75,0,Picker
372,N371,120,75,0,Picker
373,N372,-120,75,0,Picker
374,N373,130,75,0,Picker
375,N374,-130,75,0,Picker
376,N375,140,75,0,Picker
377,N376,-140,75,0,Picker
378,N377,150,75,0,Picker
379,N378,-150,75,0,Picker
380,N379,160,75,0,Picker
381,N380,-160,75,0,Picker
382,N381,170,75,0,Picker
383,N382,-170,75,0,Picker
384,N383,180,75,0,Picker
385,N384,-180,75,0,Picker
386,N385,190,75,0,Picker
387,N386,-190,75,0,Picker
388,N387,200,75,0,Picker
389,N388,-200,75,0,Picker
390,N389,210,75,0,Picker
391,N390,-210,75,0,Picker
392,N391,220,75,0,Picker
393,N392,-220,75,0,Picker
394,N393,230,75,0,Picker
395,N394,-230,75,0,Picker
396,N395,240,75,0,Picker
397,N396,-240,75,0,Picker
398,N397,250,75,0,Picker
399,N398,-250,75,0,Picker
400,N399,260,75,0,Picker
401,N400,-260,75,0,Picker
402,N401,270,75,0,Picker
403,N402,-270,75,0,Picker
404,N403,280,75,0,Picker
405,N404,-280,75,0,Picker
406,N405,290,75,0,Picker
407,N406,-290,75,0,Picker
408,N407,300,75.01,0,Picker
409,N408,-300,75.01,0,Picker
410,N409,310,75.01,0,Picker
411,N410,-310,75.01,0,Picker
412,N411,320,75.01,0,Picker
413,N412,-320,75.01,0,Picker
414,N413,330,75.01,0,Picker
415,N414,-330,75.01,0,Picker
416,N415,340,75.01,0,Picker
417,N416,-340,75.01,0,Picker
418,N417,0,85,0,Picker
419,N418,10,85,0,Picker
420,N419,-10,85,0,Picker
421,N420,20,85,0,Picker
422,N421,-20,85,0,Picker
423,N422,30,85,0,Picker
424,N423,-30,85,0,Picker
425,N424,40,85,0,Picker
426,N425,-40,85,0,Picker
427,N426,50,85,0,Picker
428,N427,-50,85,0,Picker
429,N428,60,85,0,Picker
430,N429,-60,85,0,Picker
431,N430,70,85,0,Picker
432,N431,-70,85,0,Picker
433,N432,80,85,0,Picker
434,N433,-80,85,0,Picker
435,N434,90,85,0,Picker
436,N435,-90,85,0,Picker
437,N436,100,85,0,Picker
438,N437,-100,85,0,Picker
439,N438,110,85,0,Picker
440,N439,-110,85,0,Picker
441,N440,120,85,0,Picker
442,N441,-120,85,0,Picker
443,N442,130,85,0,Picker
444,N443,-130,85,0,Picker
445,N444,140,85,0,Picker
446,N445,-140,85,0,Picker
447,N446,150,85,0,Picker
448,N447,-150,85,0,Picker
449,N448,160,85,0,Picker
450,N449,-160,85,0,Picker
451,N450,170,85,0,Picker
452,N451,-170,85,0,Picker
453,N452,180,85,0,Picker
454,N453,-180,85,0,Picker
455,N454,190,85,0,Picker
456,N455,-190,85,0,Picker
457,N456,200,85,0,Picker
458,N457,-200,85,0,Picker
459,N458,210,85,0,Picker
460,N459,-210,85,0,Picker
461,N460,220,85,0,Picker
462,N461,-220,85,0,Picker
463,N462,230,85,0,Picker
464,N463,-230,85,0,Picker
465,N464,240,85,0,Picker
466,N465,-240,85,0,Picker
467,N466,250,85,0,Picker
468,N467,-250,85,0,Picker
469,N468,260,85,0,Picker
470,N469,-260,85,0,Picker
471,N470,270,85,0,Picker
472,N471,-270,85,0,Picker
473,N472,280,85,0,Picker
474,N473,-280,85,0,Picker
475,N474,290,85,0,Picker
476,N475,-290,85,0,Picker
477,N476,300,85.01,0,Picker
478,N477,-300,85.01,0,Picker
479,N478,310,85.01,0,Picker
480,N479,-310,85.01,0,Picker
481,N480,320,85.01,0,Picker
482,N481,-320,85.01,0,Picker
483,N482,330,85.01,0,Picker
484,N483,-330,85.01,0,Picker
485,N484,340,85.01,0,Picker
486,N485,-340,85.01,0,Picker
487,N486,0,95,0,Picker
488,N487,10,95,0,Picker
489,N488,-10,95,0,Picker
490,N489,20,95,0,Picker
491,N490,-20,95,0,Picker
492,N491,30,95,0,Picker
493,N492,-30,95,0,Picker
494,N493,40,95,0,Picker
495,N494,-40,95,0,Picker
496,N495,50,95,0,Picker
497,N496,-50,95,0,Picker
498,N497,60,95,0,Picker
499,N498,-60,95,0,Picker
500,N499,70,95,0,Picker
501,N500,-70,95,0,Picker
502,N501,80,95,0,Picker
503,N502,-80,95,0,Picker
504,N503,90,95,0,Picker
505,N504,-90,95,0,Picker
506,N505,100,95,0,Picker
507,N506,-100,95,0,Picker
508,N507,110,95,0,Picker
509,N508,-110,95,0,Picker
510,N509,120,95,0,Picker
511,N510,-120,95,0,Picker
512,N511,130,95,0,Picker
513,N512,-130,95,0,Picker
514,N513,140,95,0,Picker
515,N514,-140,95,0,Picker
516,N515,150,95,0,Picker
517,N516,-150,95,0,Picker
518,N517,160,95,0,Picker
519,N518,-160,95,0,Picker
520,N519,170,95,0,Picker
521,N520,-170,95,0,Picker
522,N521,180,95,0,Picker
523,N522,-180,95,0,Picker
524,N523,190,95,0,Picker
525,N524,-190,95,0,Picker
526,N525,200,95,0,Picker
527,N526,-200,95,0,Picker
528,N527,210,95,0,Picker
529,N528,-210,95,0,Picker
530,N529,220,95,0,Picker
531,N530,-220,95,0,Picker
532,N531,230,95,0,Picker
533,N532,-230,95,0,Picker
534,N533,240,95,0,Picker
535,N534,-240,95,0,Picker
536,N535,250,95,0,Picker
537,N536,-250,95,0,Picker
538,N537,260,95,0,Picker
539,N538,-260,95,0,Picker
540,N539,270,95,0,Picker
541,N540,-270,95,0,Picker
542,N541,280,95,0,Picker
543,N542,-280,95,0,Picker
544,N543,290,95,0,Picker
545,N544,-290,95,0,Picker
546,N545,300,95.01,0,Picker
547,N546,-300,95.01,0,Picker
548,N547,310,95.01,0,Picker
549,N548,-310,95.01,0,Picker
550,N549,320,95.01,0,Picker
551,N550,-320,95.01,0,Picker
552,N551,330,95.01,0,Picker
553,N552,-330,95.01,0,Picker
554,N553,340,95.01,0,Picker
555,N554,-340,95.01,0,Picker
556,N555,0,105,0,Picker
557,N556,10,105,0,Picker
558,N557,-10,105,0,Picker
559,N558,20,105,0,Picker
560,N559,-20,105,0,Picker
561,N560,30,105,0,Picker
562,N561,-30,105,0,Picker
563,N562,40,105,0,Picker
564,N563,-40,105,0,Picker
565,N564,50,105,0,Picker
566,N565,-50,105,0,Picker
567,N566,60,105,0,Picker
568,N567,-60,105,0,Picker
569,N568,70,105,0,Picker
570,N569,-70,105,0,Picker
571,N570,80,105,0,Picker
572,N571,-80,105,0,Picker
573,N572,90,105,0,Picker
574,N573,-90,105,0,Picker
575,N574,100,105,0,Picker
576,N575,-100,105,0,Picker
577,N576,110,105,0,Picker
578,N577,-110,105,0,Picker
579,N578,120,105,0,Picker
580,N579,-120,105,0,Picker
581,N580,130,105,0,Picker
582,N581,-130,105,0,Picker
583,N582,140,105,0,Picker
584,N583,-140,105,0,Picker
585,N584,150,105,0,Picker
586,N585,-150,105,0,Picker
587,N586,160,105,0,Picker
588,N587,-160,105,0,Picker
589,N588,170,105,0,Picker
590,N589,-170,105,0,Picker
591,N590,180,105,0,Picker
592,N591,-180,105,0,Picker
593,N592,190,105,0,Picker
594,N593,-190,105,0,Picker
595,N594,200,105,0,Picker
596,N595,-200,105,0,Picker
597,N596,210,105,0,Picker
598,N597,-210,105,0,Picker
599,N598,220,105,0,Picker
600,N599,-220,105,0,Picker
601,N600,230,105,0,Picker
602,N601,-230,105,0,Picker
603,N602,240,105,0,Picker
604,N603,-240,105,0,Picker
605,N604,250,105,0,Picker
606,N605,-250,105,0,Picker
607,N606,260,105,0,Picker
608,N607,-260,105,0,Picker
609,N608,270,105,0,Picker
610,N609,-270,105,0,Picker
611,N610,280,105,0,Picker
612,N611,-280,105,0,Picker
613,N612,290,105,0,Picker
614,N613,-290,105,0,Picker
615,N614,300,105.01,0,Picker
616,N615,-300,105.01,0,Picker
617,N616,310,105.01,0,Picker
618,N617,-310,105.01,0,Picker
619,N618,320,105.01,0,Picker
620,N619,-320,105.01,0,Picker
621,N620,330,105.01,0,Picker
622,N621,-330,105.01,0,Picker
623,N622,340,105.01,0,Picker
624,N623,-340,105.01,0,Picker
625,N624,0,115,0,Picker
626,N625,10,115,0,Picker
627,N626,-10,115,0,Picker
628,N627,20,115,0,Picker
629,N628,-20,115,0,Picker
630,N629,30,115,0,Picker
631,N630,-30,115,0,Picker
632,N631,40,115,0,Picker
633,N632,-40,115,0,Picker
634,N633,50,115,0,Picker
635,N634,-50,115,0,Picker
636,N635,60,115,0,Picker
637,N636,-60,115,0,Picker
638,N637,70,115,0,Picker
639,N638,-70,115,0,Picker
640,N639,80,115,0,Picker
641,N640,-80,115,0,Picker
642,N641,90,115,0,Picker
643,N642,-90,115,0,Picker
644,N643,100,115,0,Picker
645,N644,-100,115,0,Picker
646,N645,110,115,0,Picker
647,N646,-110,115,0,Picker
648,N647,120,115,0,Picker
649,N648,-120,115,0,Picker
650,N649,130,115,0,Picker
651,N650,-130,115,0,Picker
652,N651,140,115,0,Picker
653,N652,-140,115,0,Picker
654,N653,150,115,0,Picker
655,N654,-150,115,0,Picker
656,N655,160,115,0,Picker
657,N656,-160,115,0,Picker
658,N657,170,115,0,Picker
659,N658,-170,115,0,Picker
660,N659,180,115,0,Picker
661,N660,-180,115,0,Picker
662,N661,190,115,0,Picker
663,N662,-190,115,0,Picker
664,N663,200,115,0,Picker
665,N664,-200,115,0,Picker
666,N665,210,115,0,Picker
667,N666,-210,115,0,Picker
668,N667,220,115,0,Picker
669,N668,-220,115,0,Picker
670,N669,230,115,0,Picker
671,N670,-230,115,0,Picker
672,N671,240,115,0,Picker
673,N672,-240,115,0,Picker
674,N673,250,115,0,Picker
675,N674,-250,115,0,Picker
676,N675,260,115,0,Picker
677,N676,-260,115,0,Picker
678,N677,270,115,0,Picker
679,N678,-270,115,0,Picker
680,N679,280,115,0,Picker
681,N680,-280,115,0,Picker
682,N681,290,115,0,Picker
683,N682,-290,115,0,Picker
684,N683,300,115.01,0,Picker
685,N684,-300,115.01,0,Picker
686,N685,310,115.01,0,Picker
687,N686,-310,115.01,0,Picker
688,N687,320,115.01,0,Picker
689,N688,-320,115.01,0,Picker
690,N689,330,115.01,0,Picker
691,N690,-330,115.01,0,Picker
692,N691,340,115.01,0,Picker
693,N692,-340,115.01,0,Picker
694,N693,0,125,0,Picker
695,N694,10,125,0,Picker
696,N695,-10,125,0,Picker
697,N696,20,125,0,Picker
698,N697,-20,125,0,Picker
699,N698,30,125,0,Picker
700,N699,-30,125,0,Picker
701,N700,40,125,0,Picker
702,N701,-40,125,0,Picker
703,N702,50,125,0,Picker
704,N703,-50,125,0,Picker
705,N704,60,125,0,Picker
706,N705,-60,125,0,Picker
707,N706,70,125,0,Picker
708,N707,-70,125,0,Picker
709,N708,80,125,0,Picker
710,N709,-80,125,0,Picker
711,N710,90,125,0,Picker
712,N711,-90,125,0,Picker
713,N712,100,125,0,Picker
714,N713,-100,125,0,Picker
715,N714,110,125,0,Picker
716,N715,-110,125,0,Picker
717,N716,120,125,0,Picker
718,N717,-120,125,0,Picker
719,N718,130,125,0,Picker
720,N719,-130,125,0,Picker
721,N720,140,125,0,Picker
722,N721,-140,125,0,Picker
723,N722,150,125,0,Picker
724,N723,-150,125,0,Picker
725,N724,160,125,0,Picker
726,N725,-160,125,0,Picker
727,N726,170,125,0,Picker
728,N727,-170,125,0,Picker
729,N728,180,125,0,Picker
730,N729,-180,125,0,Picker
731,N730,190,125,0,Picker
732,N731,-190,125,0,Picker
733,N732,200,125,0,Picker
734,N733,-200,125,0,Picker
735,N734,210,125,0,Picker
736,N735,-210,125,0,Picker
737,N736,220,125,0,Picker
738,N737,-220,125,0,Picker
739,N738,230,125,0,Picker
740,N739,-230,125,0,Picker
741,N740,240,125,0,Picker
742,N741,-240,125,0,Picker
743,N742,250,125,0,Picker
744,N743,-250,125,0,Picker
745,N744,260,125,0,Picker
746,N745,-260,125,0,Picker
747,N746,270,125,0,Picker
748,N747,-270,125,0,Picker
749,N748,280,125,0,Picker
750,N749,-280,125,0,Picker
751,N750,290,125,0,Picker
752,N751,-290,125,0,Picker
753,N752,300,125.01,0,Picker
754,N753,-300,125.01,0,Picker
755,N754,310,125.01,0,Picker
756,N755,-310,125.01,0,Picker
757,N756,320,125.01,0,Picker
758,N757,-320,125.01,0,Picker
759,N758,330,125.01,0,Picker
760,N759,-330,125.01,0,Picker
761,N760,340,125.01,0,Picker
762,N761,-340,125.01,0,Picker
763,N762,0,135,0,Picker
764,N763,10,135,0,Picker
765,N764,-10,135,0,Picker
766,N765,20,135,0,Picker
767,N766,-20,135,0,Picker
768,N767,30,135,0,Picker
769,N768,-30,135,0,Picker
770,N769,40,135,0,Picker
771,N770,-40,135,0,Picker
772,N771,50,135,0,Picker
773,N772,-50,135,0,Picker
774,N773,60,135,0,Picker
775,N774,-60,135,0,Picker
776,N775,70,135,0,Picker
777,N776,-70,135,0,Picker
778,N777,80,135,0,Picker
779,N778,-80,135,0,Picker
780,N779,90,135,0,Picker
781,N780,-90,135,0,Picker
782,N781,100,135,0,Picker
783,N782,-100,135,0,Picker
784,N783,110,135,0,Picker
785,N784,-110,135,0,Picker
786,N785,120,135,0,Picker
787,N786,-120,135,0,Picker
788,N787,130,135,0,Picker
789,N788,-130,135,0,Picker
790,N789,140,135,0,Picker
791,N790,-140,135,0,Picker
792,N791,150,135,0,Picker
793,N792,-150,135,0,Picker
794,N793,160,135,0,Picker
795,N794,-160,135,0,Picker
796,N795,170,135,0,Picker
797,N796,-170,135,0,Picker
798,N797,180,135,0,Picker
799,N798,-180,135,0,Picker
800,N799,190,135,0,Picker
801,N800,-190,135,0,Picker
802,N801,200,135,0,Picker
803,N802,-200,135,0,Picker
804,N803,210,135,0,Picker
805,N804,-210,135,0,Picker
806,N805,220,135,0,Picker
807,N806,-220,135,0,Picker
808,N807,230,135,0,Picker
809,N808,-230,135,0,Picker
810,N809,240,135,0,Picker
811,N810,-240,135,0,Picker
812,N811,250,135,0,Picker
813,N812,-250,135,0,Picker
814,N813,260,135,0,Picker
815,N814,-260,135,0,Picker
816,N815,270,135,0,Picker
817,N816,-270,135,0,Picker
818,N817,280,135,0,Picker
819,N818,-280,135,0,Picker
820,N819,290,135,0,Picker
821,N820,-290,135,0,Picker
822,N821,300,135.01,0,Picker
823,N822,-300,135.01,0,Picker
824,N823,310,135.01,0,Picker
825,N824,-310,135.01,0,Picker
826,N825,320,135.01,0,Picker
827,N826,-320,135.01,0,Picker
828,N827,330,135.01,0,Picker
829,N828,-330,135.01,0,Picker
830,N829,340,135.01,0,Picker
831,N830,-340,135.01,0,Picker
832,N831,0,145,0,Picker
833,N832,10,145,0,Picker
834,N833,-10,145,0,Picker
835,N834,20,145,0,Picker
836,N835,-20,145,0,Picker
837,N836,30,145,0,Picker
838,N837,-30,145,0,Picker
839,N838,40,145,0,Picker
840,N839,-40,145,0,Picker
841,N840,50,145,0,Picker
842,N841,-50,145,0,Picker
843,N842,60,145,0,Picker
844,N843,-60,145,0,Picker
845,N844,70,145,0,Picker
846,N845,-70,145,0,Picker
847,N846,80,145,0,Picker
848,N847,-80,145,0,Picker
849,N848,90,145,0,Picker
850,N849,-90,145,0,Picker
851,N850,100,145,0,Picker
852,N851,-100,145,0,Picker
853,N852,110,145,0,Picker
854,N853,-110,145,0,Picker
855,N854,120,145,0,Picker
856,N855,-120,145,0,Picker
857,N856,130,145,0,Picker
858,N857,-130,145,0,Picker
859,N858,140,145,0,Picker
860,N859,-140,145,0,Picker
861,N860,150,145,0,Picker
862,N861,-150,145,0,Picker
863,N862,160,145,0,Picker
864,N863,-160,145,0,Picker
865,N864,170,145,0,Picker
866,N865,-170,145,0,Picker
867,N866,180,145,0,Picker
868,N867,-180,145,0,Picker
869,N868,190,145,0,Picker
870,N869,-190,145,0,Picker
871,N870,200,145,0,Picker
872,N871,-200,145,0,Picker
873,N872,210,145,0,Picker
874,N873,-210,145,0,Picker
875,N874,220,145,0,Picker
876,N875,-220,145,0,Picker
877,N876,230,145,0,Picker
878,N877,-230,145,0,Picker
879,N878,240,145,0,Picker
880,N879,-240,145,0,Picker
881,N880,250,145,0,Picker
882,N881,-250,145,0,Picker
883,N882,260,145,0,Picker
884,N883,-260,145,0,Picker
885,N884,270,145,0,Picker
886,N885,-270,145,0,Picker
887,N886,280,145,0,Picker
888,N887,-280,145,0,Picker
889,N888,290,145,0,Picker
890,N889,-290,145,0,Picker
891,N890,300,145.01,0,Picker
892,N891,-300,145.01,0,Picker
893,N892,310,145.01,0,Picker
894,N893,-310,145.01,0,Picker
895,N894,320,145.01,0,Picker
896,N895,-320,145.01,0,Picker
897,N896,330,145.01,0,Picker
898,N897,-330,145.01,0,Picker
899,N898,340,145.01,0,Picker
900,N899,-340,145.01,0,Picker
901,N900,0,155,0,Picker
902,N901,10,155,0,Picker
903,N902,-10,155,0,Picker
904,N903,20,155,0,Picker
905,N904,-20,155,0,Picker
906,N905,30,155,0,Picker
907,N906,-30,155,0,Picker
908,N907,40,155,0,Picker
909,N908,-40,155,0,Picker
910,N909,50,155,0,Picker
911,N910,-50,155,0,Picker
912,N911,60,155,0,Picker
913,N912,-60,155,0,Picker
914,N913,70,155,0,Picker
915,N914,-70,155,0,Picker
916,N915,80,155,0,Picker
917,N916,-80,155,0,Picker
918,N917,90,155,0,Picker
919,N918,-90,155,0,Picker
920,N919,100,155,0,Picker
921,N920,-100,155,0,Picker
922,N921,110,155,0,Picker
923,N922,-110,155,0,Picker
924,N923,120,155,0,Picker
925,N924,-120,155,0,Picker
926,N925,130,155,0,Picker
927,N926,-130,155,0,Picker
928,N927,140,155,0,Picker
929,N928,-140,155,0,Picker
930,N929,150,155,0,Picker
931,N930,-150,155,0,Picker
932,N931,160,155,0,Picker
933,N932,-160,155,0,Picker
934,N933,170,155,0,Picker
935,N934,-170,155,0,Picker
936,N935,180,155,0,Picker
937,N936,-180,155,0,Picker
938,N937,190,155,0,Picker
939,N938,-190,155,0,Picker
940,N939,200,155,0,Picker
941,N940,-200,155,0,Picker
942,N941,210,155,0,Picker
943,N942,-210,155,0,Picker
944,N943,220,155,0,Picker
945,N944,-220,155,0,Picker
946,N945,230,155,0,Picker
947,N946,-230,155,0,Picker
948,N947,240,155,0,Picker
949,N948,-240,155,0,Picker
950,N949,250,155,0,Picker
951,N950,-250,155,0,Picker
952,N951,260,155,0,Picker
953,N952,-260,155,0,Picker
954,N953,270,155,0,Picker
955,N954,-270,155,0,Picker
956,N955,280,155,0,Picker
957,N956,-280,155,0,Picker
958,N957,290,155,0,Picker
959,N958,-290,155,0,Picker
960,N959,300,155.01,0,Picker
961,N960,-300,155.01,0,Picker
962,N961,310,155.01,0,Picker
963,N962,-310,155.01,0,Picker
964,N963,320,155.01,0,Picker
965,N964,-320,155.01,0,Picker
966,N965,330,155.01,0,Picker
967,N966,-330,155.01,0,Picker
968,N967,340,155.01,0,Picker
969,N968,-340,155.01,0,Picker
970,N969,0,165,0,Picker
971,N970,10,165,0,Picker
972,N971,-10,165,0,Picker
973,N972,20,165,0,Picker
974,N973,-20,165,0,Picker
975,N974,30,165,0,Picker
976,N975,-30,165,0,Picker
977,N976,40,165,0,Picker
978,N977,-40,165,0,Picker
979,N978,50,165,0,Picker
980,N979,-50,165,0,Picker
981,N980,60,165,0,Picker
982,N981,-60,165,0,Picker
983,N982,70,165,0,Picker
984,N983,-70,165,0,Picker
985,N984,80,165,0,Picker
986,N985,-80,165,0,Picker
987,N986,90,165,0,Picker
988,N987,-90,165,0,Picker
989,N988,100,165,0,Picker
990,N989,-100,165,0,Picker
991,N990,110,165,0,Picker
992,N991,-110,165,0,Picker
993,N992,120,165,0,Picker
994,N993,-120,165,0,Picker
995,N994,130,165,0,Picker
996,N995,-130,165,0,Picker
997,N996,140,165,0,Picker
998,N997,-140,165,0,Picker
999,N998,150,165,0,Picker
1000,N999,-150,165,0,Picker
1001,N1000,160,165,0,Picker
1002,N1001,-160,165,0,Picker
1003,N1002,170,165,0,Picker
1004,N1003,-170,165,0,Picker
1005,N1004,180,165,0,Picker
1006,N1005,-180,165,0,Picker
1007,N1006,190,165,0,Picker
1008,N1007,-190,165,0,Picker
1009,N1008,200,165,0,Picker
1010,N1009,-200,165,0,Picker
1011,N1010,210,165,0,Picker
1012,N1011,-210,165,0,Picker
1013,N1012,220,165,0,Picker
1014,N1013,-220,165,0,Picker
1015,N1014,230,165,0,Picker
1016,N1015,-230,165,0,Picker
1017,N1016,240,165,0,Picker
1018,N1017,-240,165,0,Picker
1019,N1018,250,165,0,Picker
1020,N1019,-250,165,0,Picker
1021,N1020,260,165,0,Picker
1022,N1021,-260,165,0,Picker
1023,N1022,270,165,0,Picker
1024,N1023,-270,165,0,Picker
1025,N1024,280,165,0,Picker
1026,N1025,-280,165,0,Picker
1027,N1026,290,165,0,Picker
1028,N1027,-290,165,0,Picker
1029,N1028,300,165.01,0,Picker
1030,N1029,-300,165.01,0,Picker
1031,N1030,310,165.01,0,Picker
1032,N1031,-310,165.01,0,Picker
1033,N1032,320,165.01,0,Picker
1034,N1033,-320,165.01,0,Picker
1035,N1034,330,165.01,0,Picker
1036,N1035,-330,165.01,0,Picker
1037,N1036,340,165.01,0,Picker
1038,N1037,-340,165.01,0,Picker
1039,N1038,0,175,0,Picker
1040,N1039,10,175,0,Picker
1041,N1040,-10,175,0,Picker
1042,N1041,20,175,0,Picker
1043,N1042,-20,175,0,Picker
1044,N1043,30,175,0,Picker
1045,N1044,-30,175,0,Picker
1046,N1045,40,175,0,Picker
1047,N1046,-40,175,0,Picker
1048,N1047,50,175,0,Picker
1049,N1048,-50,175,0,Picker
1050,N1049,60,175,0,Picker
1051,N1050,-60,175,0,Picker
1052,N1051,70,175,0,Picker
1053,N1052,-70,175,0,Picker
1054,N1053,80,175,0,Picker
1055,N1054,-80,175,0,Picker
1056,N1055,90,175,0,Picker
1057,N1056,-90,175,0,Picker
1058,N1057,100,175,0,Picker
1059,N1058,-100,175,0,Picker
1060,N1059,110,175,0,Picker
1061,N1060,-110,175,0,Picker
1062,N1061,120,175,0,Picker
1063,N1062,-120,175,0,Picker
1064,N1063,130,175,0,Picker
1065,N1064,-130,175,0,Picker
1066,N1065,140,175,0,Picker
1067,N1066,-140,175,0,Picker
1068,N1067,150,175,0,Picker
1069,N1068,-150,175,0,Picker
1070,N1069,160,175,0,Picker
1071,N1070,-160,175,0,Picker
1072,N1071,170,175,0,Picker
1073,N1072,-170,175,0,Picker
1074,N1073,180,175,0,Picker
1075,N1074,-180,175,0,Picker
1076,N1075,190,175,0,Picker
1077,N1076,-190,175,0,Picker
1078,N1077,200,175,0,Picker
1079,N1078,-200,175,0,Picker
1080,N1079,210,175,0,Picker
1081,N1080,-210,175,0,Picker
1082,N1081,220,175,0,Picker
1083,N1082,-220,175,0,Picker
1084,N1083,230,175,0,Picker
1085,N1084,-230,175,0,Picker
1086,N1085,240,175,0,Picker
1087,N1086,-240,175,0,Picker
1088,N1087,250,175,0,Picker
1089,N1088,-250,175,0,Picker
1090,N1089,260,175,0,Picker
1091,N1090,-260,175,0,Picker
1092,N1091,270,175,0,Picker
1093,N1092,-270,175,0,Picker
1094,N1093,280,175,0,Picker
1095,N1094,-280,175,0,Picker
1096,N1095,290,175,0,Picker
1097,N1096,-290,175,0,Picker
1098,N1097,300,175.01,0,Picker
1099,N1098,-300,175.01,0,Picker
1100,N1099,310,175.01,0,Picker
1101,N1100,-310,175.01,0,Picker
1102,N1101,320,175.01,0,Picker
1103,N1102,-320,175.01,0,Picker
1104,N1103,330,175.01,0,Picker
1105,N1104,-330,175.01,0,Picker
1106,N1105,340,175.01,0,Picker
1107,N1106,-340,175.01,0,Picker
1108,N1107,0,185,0,Picker
1109,N1108,10,185,0,Picker
1110,N1109,-10,185,0,Picker
1111,N1110,20,185,0,Picker
1112,N1111,-20,185,0,Picker
1113,N1112,30,185,0,Picker
1114,N1113,-30,185,0,Picker
1115,N1114,40,185,0,Picker
1116,N1115,-40,185,0,Picker
1117,N1116,50,185,0,Picker
1118,N1117,-50,185,0,Picker
1119,N1118,60,185,0,Picker
1120,N1119,-60,185,0,Picker
1121,N1120,70,185,0,Picker
1122,N1121,-70,185,0,Picker
1123,N1122,80,185,0,Picker
1124,N1123,-80,185,0,Picker
1125,N1124,90,185,0,Picker
1126,N1125,-90,185,0,Picker
1127,N1126,100,185,0,Picker
1128,N1127,-100,185,0,Picker
1129,N1128,110,185,0,Picker
1130,N1129,-110,185,0,Picker
1131,N1130,120,185,0,Picker
1132,N1131,-120,185,0,Picker
1133,N1132,130,185,0,Picker
1134,N1133,-130,185,0,Picker
1135,N1134,140,185,0,Picker
1136,N1135,-140,185,0,Picker
1137,N1136,150,185,0,Picker
1138,N1137,-150,185,0,Picker
1139,N1138,160,185,0,Picker
1140,N1139,-160,185,0,Picker
1141,N1140,170,185,0,Picker
1142,N1141,-170,185,0,Picker
1143,N1142,180,185,0,Picker
1144,N1143,-180,185,0,Picker
1145,N1144,190,185,0,Picker
1146,N1145,-190,185,0,Picker
1147,N1146,200,185,0,Picker
1148,N1147,-200,185,0,Picker
1149,N1148,210,185,0,Picker
1150,N1149,-210,185,0,Picker
1151,N1150,220,185,0,Picker
1152,N1151,-220,185,0,Picker
1153,N1152,230,185,0,Picker
1154,N1153,-230,185,0,Picker
1155,N1154,240,185,0,Picker
1156,N1155,-240,185,0,Picker
1157,N1156,250,185,0,Picker
1158,N1157,-250,185,0,Picker
1159,N1158,260,185,0,Picker
1160,N1159,-260,185,0,Picker
1161,N1160,270,185,0,Picker
1162,N1161,-270,185,0,Picker
1163,N1162,280,185,0,Picker
1164,N1163,-280,185,0,Picker
1165,N1164,290,185,0,Picker
1166,N1165,-290,185,0,Picker
1167,N1166,300,185.01,0,Picker
1168,N1167,-300,185.01,0,Picker
1169,N1168,310,185.01,0,Picker
1170,N1169,-310,185.01,0,Picker
1171,N1170,320,185.01,0,Picker
1172,N1171,-320,185.01,0,Picker
1173,N1172,330,185.01,0,Picker
1174,N1173,-330,185.01,0,Picker
1175,N1174,340,185.01,0,Picker
1176,N1175,-340,185.01,0,Picker
1177,N1176,0,195,0,Picker
1178,N1177,10,195,0,Picker
1179,N1178,-10,195,0,Picker
1180,N1179,20,195,0,Picker
1181,N1180,-20,195,0,Picker
1182,N1181,30,195,0,Picker
1183,N1182,-30,195,0,Picker
1184,N1183,40,195,0,Picker
1185,N1184,-40,195,0,Picker
1186,N1185,50,195,0,Picker
1187,N1186,-50,195,0,Picker
1188,N1187,60,195,0,Picker
1189,N1188,-60,195,0,Picker
1190,N1189,70,195,0,Picker
1191,N1190,-70,195,0,Picker
1192,N1191,80,195,0,Picker
1193,N1192,-80,195,0,Picker
1194,N1193,90,195,0,Picker
1195,N1194,-90,195,0,Picker
1196,N1195,100,195,0,Picker
1197,N1196,-100,195,0,Picker
1198,N1197,110,195,0,Picker
1199,N1198,-110,195,0,Picker
1200,N1199,120,195,0,Picker
1201,N1200,-120,195,0,Picker
1202,N1201,130,195,0,Picker
1203,N1202,-130,195,0,Picker
1204,N1203,140,195,0,Picker
1205,N1204,-140,195,0,Picker
1206,N1205,150,195,0,Picker
1207,N1206,-150,195,0,Picker
1208,N1207,160,195,0,Picker
1209,N1208,-160,195,0,Picker
1210,N1209,170,195,0,Picker
1211,N1210,-170,195,0,Picker
1212,N1211,180,195,0,Picker
1213,N1212,-180,195,0,Picker
1214,N1213,190,195,0,Picker
1215,N1214,-190,195,0,Picker
1216,N1215,200,195,0,Picker
1217,N1216,-200,195,0,Picker
1218,N1217,210,195,0,Picker
1219,N1218,-210,195,0,Picker
1220,N1219,220,195,0,Picker
1221,N1220,-220,195,0,Picker
1222,N1221,230,195,0,Picker
1223,N1222,-230,195,0,Picker
1224,N1223,240,195,0,Picker
1225,N1224,-240,195,0,Picker
1226,N1225,250,195,0,Picker
1227,N1226,-250,195,0,Picker
1228,N1227,260,195,0,Picker
1229,N1228,-260,195,0,Picker
1230,N1229,270,195,0,Picker
1231,N1230,-270,195,0,Picker
1232,N1231,280,195,0,Picker
1233,N1232,-280,195,0,Picker
1234,N1233,290,195,0,Picker
1235,N1234,-290,195,0,Picker
1236,N1235,300,195.01,0,Picker
1237,N1236,-300,195.01,0,Picker
1238,N1237,310,195.01,0,Picker
1239,N1238,-310,195.01,0,Picker
1240,N1239,320,195.01,0,Picker
1241,N1240,-320,195.01,0,Picker
1242,N1241,330,195.01,0,Picker
1243,N1242,-330,195.01,0,Picker
1244,N1243,340,195.01,0,Picker
1245,N1244,-340,195.01,0,Picker
1246,N1245,0,205,0,Picker
1247,N1246,10,205,0,Picker
1248,N1247,-10,205,0,Picker
1249,N1248,20,205,0,Picker
1250,N1249,-20,205,0,Picker
1251,N1250,30,205,0,Picker
1252,N1251,-30,205,0,Picker
1253,N1252,40,205,0,Picker
1254,N1253,-40,205,0,Picker
1255,N1254,50,205,0,Picker
1256,N1255,-50,205,0,Picker
1257,N1256,60,205,0,Picker
1258,N1257,-60,205,0,Picker
1259,N1258,70,205,0,Picker
1260,N1259,-70,205,0,Picker
1261,N1260,80,205,0,Picker
1262,N1261,-80,205,0,Picker
1263,N1262,90,205,0,Picker
1264,N1263,-90,205,0,Picker
1265,N1264,100,205,0,Picker
1266,N1265,-100,205,0,Picker
1267,N1266,110,205,0,Picker
1268,N1267,-110,205,0,Picker
1269,N1268,120,205,0,Picker
1270,N1269,-120,205,0,Picker
1271,N1270,130,205,0,Picker
1272,N1271,-130,205,0,Picker
1273,N1272,140,205,0,Picker
1274,N1273,-140,205,0,Picker
1275,N1274,150,205,0,Picker
1276,N1275,-150,205,0,Picker
1277,N1276,160,205,0,Picker
1278,N1277,-160,205,0,Picker
1279,N1278,170,205,0,Picker
1280,N1279,-170,205,0,Picker
1281,N1280,180,205,0,Picker
1282,N1281,-180,205,0,Picker
1283,N1282,190,205,0,Picker
1284,N1283,-190,205,0,Picker
1285,N1284,200,205,0,Picker
1286,N1285,-200,205,0,Picker
1287,N1286,210,205,0,Picker
1288,N1287,-210,205,0,Picker
1289,N1288,220,205,0,Picker
1290,N1289,-220,205,0,Picker
1291,N1290,230,205,0,Picker
1292,N1291,-230,205,0,Picker
1293,N1292,240,205,0,Picker
1294,N1293,-240,205,0,Picker
1295,N1294,250,205,0,Picker
1296,N1295,-250,205,0,Picker
1297,N1296,260,205,0,Picker
1298,N1297,-260,205,0,Picker
1299,N1298,270,205,0,Picker
1300,N1299,-270,205,0,Picker
1301,N1300,280,205,0,Picker
1302,N1301,-280,205,0,Picker
1303,N1302,290,205,0,Picker
1304,N1303,-290,205,0,Picker
1305,N1304,300,205.01,0,Picker
1306,N1305,-300,205.01,0,Picker
1307,N1306,310,205.01,0,Picker
1308,N1307,-310,205.01,0,Picker
1309,N1308,320,205.01,0,Picker
1310,N1309,-320,205.01,0,Picker
1311,N1310,330,205.01,0,Picker
1312,N1311,-330,205.01,0,Picker
1313,N1312,340,205.01,0,Picker
1314,N1313,-340,205.01,0,Picker
1315,N1314,0,215,0,Picker
1316,N1315,10,215,0,Picker
1317,N1316,-10,215,0,Picker
1318,N1317,20,215,0,Picker
1319,N1318,-20,215,0,Picker
1320,N1319,30,215,0,Picker
1321,N1320,-30,215,0,Picker
1322,N1321,40,215,0,Picker
1323,N1322,-40,215,0,Picker
1324,N1323,50,215,0,Picker
1325,N1324,-50,215,0,Picker
1326,N1325,60,215,0,Picker
1327,N1326,-60,215,0,Picker
1328,N1327,70,215,0,Picker
1329,N1328,-70,215,0,Picker
1330,N1329,80,215,0,Picker
1331,N1330,-80,215,0,Picker
1332,N1331,90,215,0,Picker
1333,N1332,-90,215,0,Picker
1334,N1333,100,215,0,Picker
1335,N1334,-100,215,0,Picker
1336,N1335,110,215,0,Picker
1337,N1336,-110,215,0,Picker
1338,N1337,120,215,0,Picker
1339,N1338,-120,215,0,Picker
1340,N1339,130,215,0,Picker
1341,N1340,-130,215,0,Picker
1342,N1341,140,215,0,Picker
1343,N1342,-140,215,0,Picker
1344,N1343,150,215,0,Picker
1345,N1344,-150,215,0,Picker
1346,N1345,160,215,0,Picker
1347,N1346,-160,215,0,Picker
1348,N1347,170,215,0,Picker
1349,N1348,-170,215,0,Picker
1350,N1349,180,215,0,Picker
1351,N1350,-180,215,0,Picker
1352,N1351,190,215,0,Picker
1353,N1352,-190,215,0,Picker
1354,N1353,200,215,0,Picker
1355,N1354,-200,215,0,Picker
1356,N1355,210,215,0,Picker
1357,N1356,-210,215,0,Picker
1358,N1357,220,215,0,Picker
1359,N1358,-220,215,0,Picker
1360,N1359,230,215,0,Picker
1361,N1360,-230,215,0,Picker
1362,N1361,240,215,0,Picker
1363,N1362,-240,215,0,Picker
1364,N1363,250,215,0,Picker
1365,N1364,-250,215,0,Picker
1366,N1365,260,215,0,Picker
1367,N1366,-260,215,0,Picker
1368,N1367,270,215,0,Picker
1369,N1368,-270,215,0,Picker
1370,N1369,280,215,0,Picker
1371,N1370,-280,215,0,Picker
1372,N1371,290,215,0,Picker
1373,N1372,-290,215,0,Picker
1374,N1373,300,215.01,0,Picker
1375,N1374,-300,215.01,0,Picker
1376,N1375,310,215.01,0,Picker
1377,N1376,-310,215.01,0,Picker
1378,N1377,320,215.01,0,Picker
1379,N1378,-320,215.01,0,Picker
1380,N1379,330,215.01,0,Picker
1381,N1380,-330,215.01,0,Picker
1382,N1381,340,215.01,0,Picker
1383,N1382,-340,215.01,0,Picker
1384,N1383,0,225,0,Picker
1385,N1384,10,225,0,Picker
1386,N1385,-10,225,0,Picker
1387,N1386,20,225,0,Picker
1388,N1387,-20,225,0,Picker
1389,N1388,30,225,0,Picker
1390,N1389,-30,225,0,Picker
1391,N1390,40,225,0,Picker
1392,N1391,-40,225,0,Picker
1393,N1392,50,225,0,Picker
1394,N1393,-50,225,0,Picker
1395,N1394,60,225,0,Picker
1396,N1395,-60,225,0,Picker
1397,N1396,70,225,0,Picker
1398,N1397,-70,225,0,Picker
1399,N1398,80,225,0,Picker
1400,N1399,-80,225,0,Picker
1401,N1400,90,225,0,Picker
1402,N1401,-90,225,0,Picker
1403,N1402,100,225,0,Picker
1404,N1403,-100,225,0,Picker
1405,N1404,110,225,0,Picker
1406,N1405,-110,225,0,Picker
1407,N1406,120,225,0,Picker
1408,N1407,-120,225,0,Picker
1409,N1408,130,225,0,Picker
1410,N1409,-130,225,0,Picker
1411,N1410,140,225,0,Picker
1412,N1411,-140,225,0,Picker
1413,N1412,150,225,0,Picker
1414,N1413,-150,225,0,Picker
1415,N1414,160,225,0,Picker
1416,N1415,-160,225,0,Picker
1417,N1416,170,225,0,Picker
1418,N1417,-170,225,0,Picker
1419,N1418,180,225,0,Picker
1420,N1419,-180,225,0,Picker
1421,N1420,190,225,0,Picker
1422,N1421,-190,225,0,Picker
1423,N1422,200,225,0,Picker
1424,N1423,-200,225,0,Picker
1425,N1424,210,225,0,Picker
1426,N1425,-210,225,0,Picker
1427,N1426,220,225,0,Picker
1428,N1427,-220,225,0,Picker
1429,N1428,230,225,0,Picker
1430,N1429,-230,225,0,Picker
1431,N1430,240,225,0,Picker
1432,N1431,-240,225,0,Picker
1433,N1432,250,225,0,Picker
1434,N1433,-250,225,0,Picker
1435,N1434,260,225,0,Picker
1436,N1435,-260,225,0,Picker
1437,N1436,270,225,0,Picker
1438,N1437,-270,225,0,Picker
1439,N1438,280,225,0,Picker
1440,N1439,-280,225,0,Picker
1441,N1440,290,225,0,Picker
1442,N1441,-290,225,0,Picker
1443,N1442,300,225.01,0,Picker
1444,N1443,-300,225.01,0,Picker
1445,N1444,310,225.01,0,Picker
1446,N1445,-310,225.01,0,Picker
1447,N1446,320,225.01,0,Picker
1448,N1447,-320,225.01,0,Picker
1449,N1448,330,225.01,0,Picker
1450,N1449,-330,225.01,0,Picker
1451,N1450,340,225.01,0,Picker
1452,N1451,-340,225.01,0,Picker
1453,N1452,0,235,0,Picker
1454,N1453,10,235,0,Picker
1455,N1454,-10,235,0,Picker
1456,N1455,20,235,0,Picker
1457,N1456,-20,235,0,Picker
1458,N1457,30,235,0,Picker
1459,N1458,-30,235,0,Picker
1460,N1459,40,235,0,Picker
1461,N1460,-40,235,0,Picker
1462,N1461,50,235,0,Picker
1463,N1462,-50,235,0,Picker
1464,N1463,60,235,0,Picker
1465,N1464,-60,235,0,Picker
1466,N1465,70,235,0,Picker
1467,N1466,-70,235,0,Picker
1468,N1467,80,235,0,Picker
1469,N1468,-80,235,0,Picker
1470,N1469,90,235,0,Picker
1471,N1470,-90,235,0,Picker
1472,N1471,100,235,0,Picker
1473,N1472,-100,235,0,Picker
1474,N1473,110,235,0,Picker
1475,N1474,-110,235,0,Picker
1476,N1475,120,235,0,Picker
1477,N1476,-120,235,0,Picker
1478,N1477,130,235,0,Picker
1479,N1478,-130,235,0,Picker
1480,N1479,140,235,0,Picker
1481,N1480,-140,235,0,Picker
1482,N1481,150,235,0,Picker
1483,N1482,-150,235,0,Picker
1484,N1483,160,235,0,Picker
1485,N1484,-160,235,0,Picker
1486,N1485,170,235,0,Picker
1487,N1486,-170,235,0,Picker
1488,N1487,180,235,0,Picker
1489,N1488,-180,235,0,Picker
1490,N1489,190,235,0,Picker
1491,N1490,-190,235,0,Picker
1492,N1491,200,235,0,Picker
1493,N1492,-200,235,0,Picker
1494,N1493,210,235,0,Picker
1495,N1494,-210,235,0,Picker
1496,N1495,220,235,0,Picker
1497,N1496,-220,235,0,Picker
1498,N1497,230,235,0,Picker
1499,N1498,-230,235,0,Picker
1500,N1499,240,235,0,Picker
1501,N1500,-240,235,0,Picker
1502,N1501,250,235,0,Picker
1503,N1502,-250,235,0,Picker
1504,N1503,260,235,0,Picker
1505,N1504,-260,235,0,Picker
1506,N1505,270,235,0,Picker
1507,N1506,-270,235,0,Picker
1508,N1507,280,235,0,Picker
1509,N1508,-280,235,0,Picker
1510,N1509,290,235,0,Picker
1511,N1510,-290,235,0,Picker
1512,N1511,300,235.01,0,Picker
1513,N1512,-300,235.01,0,Picker
1514,N1513,310,235.01,0,Picker
1515,N1514,-310,235.01,0,Picker
1516,N1515,320,235.01,0,Picker
1517,N1516,-320,235.01,0,Picker
1518,N1517,330,235.01,0,Picker
1519,N1518,-330,235.01,0,Picker
1520,N1519,340,235.01,0,Picker
1521,N1520,-340,235.01,0,Picker
1522,N1521,0,245,0,Picker
1523,N1522,10,245,0,Picker
1524,N1523,-10,245,0,Picker
1525,N1524,20,245,0,Picker
1526,N1525,-20,245,0,Picker
1527,N1526,30,245,0,Picker
1528,N1527,-30,245,0,Picker
1529,N1528,40,245,0,Picker
1530,N1529,-40,245,0,Picker
1531,N1530,50,245,0,Picker
1532,N1531,-50,245,0,Picker
1533,N1532,60,245,0,Picker
1534,N1533,-60,245,0,Picker
1535,N1534,70,245,0,Picker
1536,N1535,-70,245,0,Picker
1537,N1536,80,245,0,Picker
1538,N1537,-80,245,0,Picker
1539,N1538,90,245,0,Picker
1540,N1539,-90,245,0,Picker
1541,N1540,100,245,0,Picker
1542,N1541,-100,245,0,Picker
1543,N1542,110,245,0,Picker
1544,N1543,-110,245,0,Picker
1545,N1544,120,245,0,Picker
1546,N1545,-120,245,0,Picker
1547,N1546,130,245,0,Picker
1548,N1547,-130,245,0,Picker
1549,N1548,140,245,0,Picker
1550,N1549,-140,245,0,Picker
1551,N1550,150,245,0,Picker
1552,N1551,-150,245,0,Picker
1553,N1552,160,245,0,Picker
1554,N1553,-160,245,0,Picker
1555,N1554,170,245,0,Picker
1556,N1555,-170,245,0,Picker
1557,N1556,180,245,0,Picker
1558,N1557,-180,245,0,Picker
1559,N1558,190,245,0,Picker
1560,N1559,-190,245,0,Picker
1561,N1560,200,245,0,Picker
1562,N1561,-200,245,0,Picker
1563,N1562,210,245,0,Picker
1564,N1563,-210,245,0,Picker
1565,N1564,220,245,0,Picker
1566,N1565,-220,245,0,Picker
1567,N1566,230,245,0,Picker
1568,N1567,-230,245,0,Picker
1569,N1568,240,245,0,Picker
1570,N1569,-240,245,0,Picker
1571,N1570,250,245,0,Picker
1572,N1571,-250,245,0,Picker
1573,N1572,260,245,0,Picker
1574,N1573,-260,245,0,Picker
1575,N1574,270,245,0,Picker
1576,N1575,-270,245,0,Picker
1577,N1576,280,245,0,Picker
1578,N1577,-280,245,0,Picker
1579,N1578,290,245,0,Picker
1580,N1579,-290,245,0,Picker
1581,N1580,300,245.01,0,Picker
1582,N1581,-300,245.01,0,Picker
1583,N1582,310,245.01,0,Picker
1584,N1583,-310,245.01,0,Picker
1585,N1584,320,245.01,0,Picker
1586,N1585,-320,245.01,0,Picker
1587,N1586,330,245.01,0,Picker
1588,N1587,-330,245.01,0,Picker
1589,N1588,340,245.01,0,Picker
1590,N1589,-340,245.01,0,Picker
1591,N1590,0,255,0,Picker
1592,N1591,10,255,0,Picker
1593,N1592,-10,255,0,Picker
1594,N1593,20,255,0,Picker
1595,N1594,-20,255,0,Picker
1596,N1595,30,255,0,Picker
1597,N1596,-30,255,0,Picker
1598,N1597,40,255,0,Picker
1599,N1598,-40,255,0,Picker
1600,N1599,50,255,0,Picker
1601,N1600,-50,255,0,Picker
1602,N1601,60,255,0,Picker
1603,N1602,-60,255,0,Picker
1604,N1603,70,255,0,Picker
1605,N1604,-70,255,0,Picker
1606,N1605,80,255,0,Picker
1607,N1606,-80,255,0,Picker
1608,N1607,90,255,0,Picker
1609,N1608,-90,255,0,Picker
1610,N1609,100,255,0,Picker
1611,N1610,-100,255,0,Picker
1612,N1611,110,255,0,Picker
1613,N1612,-110,255,0,Picker
1614,N1613,120,255,0,Picker
1615,N1614,-120,255,0,Picker
1616,N1615,130,255,0,Picker
1617,N1616,-130,255,0,Picker
1618,N1617,140,255,0,Picker
1619,N1618,-140,255,0,Picker
1620,N1619,150,255,0,Picker
1621,N1620,-150,255,0,Picker
1622,N1621,160,255,0,Picker
1623,N1622,-160,255,0,Picker
1624,N1623,170,255,0,Picker
1625,N1624,-170,255,0,Picker
1626,N1625,180,255,0,Picker
1627,N1626,-180,255,0,Picker
1628,N1627,190,255,0,Picker
1629,N1628,-190,255,0,Picker
1630,N1629,200,255,0,Picker
1631,N1630,-200,255,0,Picker
1632,N1631,210,255,0,Picker
1633,N1632,-210,255,0,Picker
1634,N1633,220,255,0,Picker
1635,N1634,-220,255,0,Picker
1636,N1635,230,255,0,Picker
1637,N1636,-230,255,0,Picker
1638,N1637,240,255,0,Picker
1639,N1638,-240,255,0,Picker
1640,N1639,250,255,0,Picker
1641,N1640,-250,255,0,Picker
1642,N1641,260,255,0,Picker
1643,N1642,-260,255,0,Picker
1644,N1643,270,255,0,Picker
1645,N1644,-270,255,0,Picker
1646,N1645,280,255,0,Picker
1647,N1646,-280,255,0,Picker
1648,N1647,290,255,0,Picker
1649,N1648,-290,255,0,Picker
1650,N1649,300,255.01,0,Picker
1651,N1650,-300,255.01,0,Picker
1652,N1651,310,255.01,0,Picker
1653,N1652,-310,255.01,0,Picker
1654,N1653,320,255.01,0,Picker
1655,N1654,-320,255.01,0,Picker
1656,N1655,330,255.01,0,Picker
1657,N1656,-330,255.01,0,Picker
1658,N1657,340,255.01,0,Picker
1659,N1658,-340,255.01,0,Picker
1660,N1659,0,265,0,Picker
1661,N1660,10,265,0,Picker
1662,N1661,-10,265,0,Picker
1663,N1662,20,265,0,Picker
1664,N1663,-20,265,0,Picker
1665,N1664,30,265,0,Picker
1666,N1665,-30,265,0,Picker
1667,N1666,40,265,0,Picker
1668,N1667,-40,265,0,Picker
1669,N1668,50,265,0,Picker
1670,N1669,-50,265,0,Picker
1671,N1670,60,265,0,Picker
1672,N1671,-60,265,0,Picker
1673,N1672,70,265,0,Picker
1674,N1673,-70,265,0,Picker
1675,N1674,80,265,0,Picker
1676,N1675,-80,265,0,Picker
1677,N1676,90,265,0,Picker
1678,N1677,-90,265,0,Picker
1679,N1678,100,265,0,Picker
1680,N1679,-100,265,0,Picker
1681,N1680,110,265,0,Picker
1682,N1681,-110,265,0,Picker
1683,N1682,120,265,0,Picker
1684,N1683,-120,265,0,Picker
1685,N1684,130,265,0,Picker
1686,N1685,-130,265,0,Picker
1687,N1686,140,265,0,Picker
1688,N1687,-140,265,0,Picker
1689,N1688,150,265,0,Picker
1690,N1689,-150,265,0,Picker
1691,N1690,160,265,0,Picker
1692,N1691,-160,265,0,Picker
1693,N1692,170,265,0,Picker
1694,N1693,-170,265,0,Picker
1695,N1694,180,265,0,Picker
1696,N1695,-180,265,0,Picker
1697,N1696,190,265,0,Picker
1698,N1697,-190,265,0,Picker
1699,N1698,200,265,0,Picker
1700,N1699,-200,265,0,Picker
1701,N1700,210,265,0,Picker
1702,N1701,-210,265,0,Picker
1703,N1702,220,265,0,Picker
1704,N1703,-220,265,0,Picker
1705,N1704,230,265,0,Picker
1706,N1705,-230,265,0,Picker
1707,N1706,240,265,0,Picker
1708,N1707,-240,265,0,Picker
1709,N1708,250,265,0,Picker
1710,N1709,-250,265,0,Picker
1711,N1710,260,265,0,Picker
1712,N1711,-260,265,0,Picker
1713,N1712,270,265,0,Picker
1714,N1713,-270,265,0,Picker
1715,N1714,280,265,0,Picker
1716,N1715,-280,265,0,Picker
1717,N1716,290,265,0,Picker
1718,N1717,-290,265,0,Picker
1719,N1718,300,265.01,0,Picker
1720,N1719,-300,265.01,0,Picker
1721,N1720,310,265.01,0,Picker
1722,N1721,-310,265.01,0,Picker
1723,N1722,320,265.01,0,Picker
1724,N1723,-320,265.01,0,Picker
1725,N1724,330,265.01,0,Picker
1726,N1725,-330,265.01,0,Picker
1727,N1726,340,265.01,0,Picker
1728,N1727,-340,265.01,0,Picker
1729,N1728,0,275,0,Picker
1730,N1729,10,275,0,Picker
1731,N1730,-10,275,0,Picker
1732,N1731,20,275,0,Picker
1733,N1732,-20,275,0,Picker
1734,N1733,30,275,0,Picker
1735,N1734,-30,275,0,Picker
1736,N1735,40,275,0,Picker
1737,N1736,-40,275,0,Picker
1738,N1737,50,275,0,Picker
1739,N1738,-50,275,0,Picker
1740,N1739,60,275,0,Picker
1741,N1740,-60,275,0,Picker
1742,N1741,70,275,0,Picker
1743,N1742,-70,275,0,Picker
1744,N1743,80,275,0,Picker
1745,N1744,-80,275,0,Picker
1746,N1745,90,275,0,Picker
1747,N1746,-90,275,0,Picker
1748,N1747,100,275,0,Picker
1749,N1748,-100,275,0,Picker
1750,N1749,110,275,0,Picker
1751,N1750,-110,275,0,Picker
1752,N1751,120,275,0,Picker
1753,N1752,-120,275,0,Picker
1754,N1753,130,275,0,Picker
1755,N1754,-130,275,0,Picker
1756,N1755,140,275,0,Picker
1757,N1756,-140,275,0,Picker
1758,N1757,150,275,0,Picker
1759,N1758,-150,275,0,Picker
1760,N1759,160,275,0,Picker
1761,N1760,-160,275,0,Picker
1762,N1761,170,275,0,Picker
1763,N1762,-170,275,0,Picker
1764,N1763,180,275,0,Picker
1765,N1764,-180,275,0,Picker
1766,N1765,190,275,0,Picker
1767,N1766,-190,275,0,Picker
1768,N1767,200,275,0,Picker
1769,N1768,-200,275,0,Picker
1770,N1769,210,275,0,Picker
1771,N1770,-210,275,0,Picker
1772,N1771,220,275,0,Picker
1773,N1772,-220,275,0,Picker
1774,N1773,230,275,0,Picker
1775,N1774,-230,275,0,Picker
1776,N1775,240,275,0,Picker
1777,N1776,-240,275,0,Picker
1778,N1777,250,275,0,Picker
1779,N1778,-250,275,0,Picker
1780,N1779,260,275,0,Picker
1781,N1780,-260,275,0,Picker
1782,N1781,270,275,0,Picker
1783,N1782,-270,275,0,Picker
1784,N1783,280,275,0,Picker
1785,N1784,-280,275,0,Picker
1786,N1785,290,275,0,Picker
1787,N1786,-290,275,0,Picker
1788,N1787,300,275.01,0,Picker
1789,N1788,-300,275.01,0,Picker
1790,N1789,310,275.01,0,Picker
1791,N1790,-310,275.01,0,Picker
1792,N1791,320,275.01,0,Picker
1793,N1792,-320,275.01,0,Picker
1794,N1793,330,275.01,0,Picker
1795,N1794,-330,275.01,0,Picker
1796,N1795,340,275.01,0,Picker
1797,N1796,-340,275.01,0,Picker
